42,var42,Number of particles speed > 0 and diameter > 0.125,,
43,var43,Number of particles speed > 0.2 and diameter > 0.125,,
44,var44,Number of particles speed > 0.4 and diameter > 0.125,,
45,var45,Number of particles speed > 0.6 and diameter > 0.125,,
46,var46,Number of particles speed > 0.8 and diameter > 0.125,,
47,var47,Number of particles speed > 1.0 and diameter > 0.125,,
48,var48,Number of particles speed > 1.4 and diameter > 0.125,,
49,var49,Number of particles speed > 1.8 and diameter > 0.125,,
50,var50,Number of particles speed > 2.2 and diameter > 0.125,,
51,var51,Number of particles speed > 2.6 and diameter > 0.125,,
52,var52,Number of particles speed > 3.0 and diameter > 0.125,,
53,var53,Number of particles speed > 3.4 and diameter > 0.125,,
54,var54,Number of particles speed > 4.2 and diameter > 0.125,,
55,var55,Number of particles speed > 5.0 and diameter > 0.125,,
56,var56,Number of particles speed > 5.8 and diameter > 0.125,,
57,var57,Number of particles speed > 6.6 and diameter > 0.125,,
58,var58,Number of particles speed > 7.4 and diameter > 0.125,,
59,var59,Number of particles speed > 8.2 and diameter > 0.125,,
60,var60,Number of particles speed > 9.0 and diameter > 0.125,,
61,var61,Number of particles speed > 10.0 and diameter > 0.125,,
62,var62,Number of particles speed > 0 and diameter > 0.250,,
63,var63,Number of particles speed > 0.2 and diameter > 0.250,,
64,var64,Number of particles speed > 0.4 and diameter > 0.250,,
65,var65,Number of particles speed > 0.6 and diameter > 0.250,,
66,var66,Number of particles speed > 0.8 and diameter > 0.250,,
67,var67,Number of particles speed > 1.0 and diameter > 0.250,,
68,var68,Number of particles speed > 1.4 and diameter > 0.250,,
69,var69,Number of particles speed > 1.8 and diameter > 0.250,,
70,var70,Number of particles speed > 2.2 and diameter > 0.250,,
71,var71,Number of particles speed > 2.6 and diameter > 0.250,,
72,var72,Number of particles speed > 3.0 and diameter > 0.250,,
73,var73,Number of particles speed > 3.4 and diameter > 0.250,,
74,var74,Number of particles speed > 4.2 and diameter > 0.250,,
75,var75,Number of particles speed > 5.0 and diameter > 0.250,,
76,var76,Number of particles speed > 5.8 and diameter > 0.250,,
77,var77,Number of particles speed > 6.6 and diameter > 0.250,,
78,var78,Number of particles speed > 7.4 and diameter > 0.250,,
79,var79,Number of particles speed > 8.2 and diameter > 0.250,,
80,var80,Number of particles speed > 9.0 and diameter > 0.250,,
81,var81,Number of particles speed > 10.0 and diameter > 0.250,,
82,var82,Number of particles speed > 0 and diameter > 0.375,,
83,var83,Number of particles speed > 0.2 and diameter > 0.375,,
84,var84,Number of particles speed > 0.4 and diameter > 0.375,,
85,var85,Number of particles speed > 0.6 and diameter > 0.375,,
86,var86,Number of particles speed > 0.8 and diameter > 0.375,,
87,var87,Number of particles speed > 1.0 and diameter > 0.375,,
88,var88,Number of particles speed > 1.4 and diameter > 0.375,,
89,var89,Number of particles speed > 1.8 and diameter > 0.375,,
90,var90,Number of particles speed > 2.2 and diameter > 0.375,,
91,var91,Number of particles speed > 2.6 and diameter > 0.375,,
92,var92,Number of particles speed > 3.0 and diameter > 0.375,,
93,var93,Number of particles speed > 3.4 and diameter > 0.375,,
94,var94,Number of particles speed > 4.2 and diameter > 0.375,,
95,var95,Number of particles speed > 5.0 and diameter > 0.375,,
96,var96,Number of particles speed > 5.8 and diameter > 0.375,,
97,var97,Number of particles speed > 6.6 and diameter > 0.375,,
98,var98,Number of particles speed > 7.4 and diameter > 0.375,,
99,var99,Number of particles speed > 8.2 and diameter > 0.375,,
100,var100,Number of particles speed > 9.0 and diameter > 0.375,,
101,var101,Number of particles speed > 10.0 and diameter > 0.375,,
102,var102,Number of particles speed > 0 and diameter > 0.500,,
103,var103,Number of particles speed > 0.2 and diameter > 0.500,,
104,var104,Number of particles speed > 0.4 and diameter > 0.500,,
105,var105,Number of particles speed > 0.6 and diameter > 0.500,,
106,var106,Number of particles speed > 0.8 and diameter > 0.500,,
107,var107,Number of particles speed > 1.0 and diameter > 0.500,,
108,var108,Number of particles speed > 1.4 and diameter > 0.500,,
109,var109,Number of particles speed > 1.8 and diameter > 0.500,,
110,var110,Number of particles speed > 2.2 and diameter > 0.500,,
111,var111,Number of particles speed > 2.6 and diameter > 0.500,,
112,var112,Number of particles speed > 3.0 and diameter > 0.500,,
113,var113,Number of particles speed > 3.4 and diameter > 0.500,,
114,var114,Number of particles speed > 4.2 and diameter > 0.500,,
115,var115,Number of particles speed > 5.0 and diameter > 0.500,,
116,var116,Number of particles speed > 5.8 and diameter > 0.500,,
117,var117,Number of particles speed > 6.6 and diameter > 0.500,,
118,var118,Number of particles speed > 7.4 and diameter > 0.500,,
119,var119,Number of particles speed > 8.2 and diameter > 0.500,,
120,var120,Number of particles speed > 9.0 and diameter > 0.500,,
121,var121,Number of particles speed > 10.0 and diameter > 0.500,,
122,var122,Number of particles speed > 0 and diameter > 0.750,,
123,var123,Number of particles speed > 0.2 and diameter > 0.750,,
124,var124,Number of particles speed > 0.4 and diameter > 0.750,,
125,var125,Number of particles speed > 0.6 and diameter > 0.750,,
126,var126,Number of particles speed > 0.8 and diameter > 0.750,,
127,var127,Number of particles speed > 1.0 and diameter > 0.750,,
128,var128,Number of particles speed > 1.4 and diameter > 0.750,,
129,var129,Number of particles speed > 1.8 and diameter > 0.750,,
130,var130,Number of particles speed > 2.2 and diameter > 0.750,,
131,var131,Number of particles speed > 2.6 and diameter > 0.750,,
132,var132,Number of particles speed > 3.0 and diameter > 0.750,,
133,var133,Number of particles speed > 3.4 and diameter > 0.750,,
134,var134,Number of particles speed > 4.2 and diameter > 0.750,,
135,var135,Number of particles speed > 5.0 and diameter > 0.750,,
136,var136,Number of particles speed > 5.8 and diameter > 0.750,,
137,var137,Number of particles speed > 6.6 and diameter > 0.750,,
138,var138,Number of particles speed > 7.4 and diameter > 0.750,,
139,var139,Number of particles speed > 8.2 and diameter > 0.750,,
140,var140,Number of particles speed > 9.0 and diameter > 0.750,,
141,var141,Number of particles speed > 10.0 and diameter > 0.750,,
142,var142,Number of particles speed > 0 and diameter > 1.000,,
143,var143,Number of particles speed > 0.2 and diameter > 1.000,,
144,var144,Number of particles speed > 0.4 and diameter > 1.000,,
145,var145,Number of particles speed > 0.6 and diameter > 1.000,,
146,var146,Number of particles speed > 0.8 and diameter > 1.000,,
147,var147,Number of particles speed > 1.0 and diameter > 1.000,,
148,var148,Number of particles speed > 1.4 and diameter > 1.000,,
149,var149,Number of particles speed > 1.8 and diameter > 1.000,,
150,var150,Number of particles speed > 2.2 and diameter > 1.000,,
151,var151,Number of particles speed > 2.6 and diameter > 1.000,,
152,var152,Number of particles speed > 3.0 and diameter > 1.000,,
153,var153,Number of particles speed > 3.4 and diameter > 1.000,,
154,var154,Number of particles speed > 4.2 and diameter > 1.000,,
155,var155,Number of particles speed > 5.0 and diameter > 1.000,,
156,var156,Number of particles speed > 5.8 and diameter > 1.000,,
157,var157,Number of particles speed > 6.6 and diameter > 1.000,,
158,var158,Number of particles speed > 7.4 and diameter > 1.000,,
159,var159,Number of particles speed > 8.2 and diameter > 1.000,,
160,var160,Number of particles speed > 9.0 and diameter > 1.000,,
161,var161,Number of particles speed > 10.0 and diameter > 1.000,,
162,var162,Number of particles speed > 0 and diameter > 1.250,,
163,var163,Number of particles speed > 0.2 and diameter > 1.250,,
164,var164,Number of particles speed > 0.4 and diameter > 1.250,,
165,var165,Number of particles speed > 0.6 and diameter > 1.250,,
166,var166,Number of particles speed > 0.8 and diameter > 1.250,,
167,var167,Number of particles speed > 1.0 and diameter > 1.250,,
168,var168,Number of particles speed > 1.4 and diameter > 1.250,,
169,var169,Number of particles speed > 1.8 and diameter > 1.250,,
170,var170,Number of particles speed > 2.2 and diameter > 1.250,,
171,var171,Number of particles speed > 2.6 and diameter > 1.250,,
172,var172,Number of particles speed > 3.0 and diameter > 1.250,,
173,var173,Number of particles speed > 3.4 and diameter > 1.250,,
174,var174,Number of particles speed > 4.2 and diameter > 1.250,,
175,var175,Number of particles speed > 5.0 and diameter > 1.250,,
176,var176,Number of particles speed > 5.8 and diameter > 1.250,,
177,var177,Number of particles speed > 6.6 and diameter > 1.250,,
178,var178,Number of particles speed > 7.4 and diameter > 1.250,,
179,var179,Number of particles speed > 8.2 and diameter > 1.250,,
180,var180,Number of particles speed > 9.0 and diameter > 1.250,,
181,var181,Number of particles speed > 10.0 and diameter > 1.250,,
182,var182,Number of particles speed > 0 and diameter > 1.500,,
183,var183,Number of particles speed > 0.2 and diameter > 1.500,,
184,var184,Number of particles speed > 0.4 and diameter > 1.500,,
185,var185,Number of particles speed > 0.6 and diameter > 1.500,,
186,var186,Number of particles speed > 0.8 and diameter > 1.500,,
187,var187,Number of particles speed > 1.0 and diameter > 1.500,,
188,var188,Number of particles speed > 1.4 and diameter > 1.500,,
189,var189,Number of particles speed > 1.8 and diameter > 1.500,,
190,var190,Number of particles speed > 2.2 and diameter > 1.500,,
191,var191,Number of particles speed > 2.6 and diameter > 1.500,,
192,var192,Number of particles speed > 3.0 and diameter > 1.500,,
193,var193,Number of particles speed > 3.4 and diameter > 1.500,,
194,var194,Number of particles speed > 4.2 and diameter > 1.500,,
195,var195,Number of particles speed > 5.0 and diameter > 1.500,,
196,var196,Number of particles speed > 5.8 and diameter > 1.500,,
197,var197,Number of particles speed > 6.6 and diameter > 1.500,,
198,var198,Number of particles speed > 7.4 and diameter > 1.500,,
199,var199,Number of particles speed > 8.2 and diameter > 1.500,,
200,var200,Number of particles speed > 9.0 and diameter > 1.500,,
201,var201,Number of particles speed > 10.0 and diameter > 1.500,,
202,var202,Number of particles speed > 0 and diameter > 1.750,,
203,var203,Number of particles speed > 0.2 and diameter > 1.750,,
204,var204,Number of particles speed > 0.4 and diameter > 1.750,,
205,var205,Number of particles speed > 0.6 and diameter > 1.750,,
206,var206,Number of particles speed > 0.8 and diameter > 1.750,,
207,var207,Number of particles speed > 1.0 and diameter > 1.750,,
208,var208,Number of particles speed > 1.4 and diameter > 1.750,,
209,var209,Number of particles speed > 1.8 and diameter > 1.750,,
210,var210,Number of particles speed > 2.2 and diameter > 1.750,,
211,var211,Number of particles speed > 2.6 and diameter > 1.750,,
212,var212,Number of particles speed > 3.0 and diameter > 1.750,,
213,var213,Number of particles speed > 3.4 and diameter > 1.750,,
214,var214,Number of particles speed > 4.2 and diameter > 1.750,,
215,var215,Number of particles speed > 5.0 and diameter > 1.750,,
216,var216,Number of particles speed > 5.8 and diameter > 1.750,,
217,var217,Number of particles speed > 6.6 and diameter > 1.750,,
218,var218,Number of particles speed > 7.4 and diameter > 1.750,,
219,var219,Number of particles speed > 8.2 and diameter > 1.750,,
220,var220,Number of particles speed > 9.0 and diameter > 1.750,,
221,var221,Number of particles speed > 10.0 and diameter > 1.750,,
222,var222,Number of particles speed > 0 and diameter > 2.000,,
223,var223,Number of particles speed > 0.2 and diameter > 2.000,,
224,var224,Number of particles speed > 0.4 and diameter > 2.000,,
225,var225,Number of particles speed > 0.6 and diameter > 2.000,,
226,var226,Number of particles speed > 0.8 and diameter > 2.000,,
227,var227,Number of particles speed > 1.0 and diameter > 2.000,,
228,var228,Number of particles speed > 1.4 and diameter > 2.000,,
229,var229,Number of particles speed > 1.8 and diameter > 2.000,,
230,var230,Number of particles speed > 2.2 and diameter > 2.000,,
231,var231,Number of particles speed > 2.6 and diameter > 2.000,,
232,var232,Number of particles speed > 3.0 and diameter > 2.000,,
233,var233,Number of particles speed > 3.4 and diameter > 2.000,,
234,var234,Number of particles speed > 4.2 and diameter > 2.000,,
235,var235,Number of particles speed > 5.0 and diameter > 2.000,,
236,var236,Number of particles speed > 5.8 and diameter > 2.000,,
237,var237,Number of particles speed > 6.6 and diameter > 2.000,,
238,var238,Number of particles speed > 7.4 and diameter > 2.000,,
239,var239,Number of particles speed > 8.2 and diameter > 2.000,,
240,var240,Number of particles speed > 9.0 and diameter > 2.000,,
241,var241,Number of particles speed > 10.0 and diameter > 2.000,,
242,var242,Number of particles speed > 0 and diameter > 2.500,,
243,var243,Number of particles speed > 0.2 and diameter > 2.500,,
244,var244,Number of particles speed > 0.4 and diameter > 2.500,,
245,var245,Number of particles speed > 0.6 and diameter > 2.500,,
246,var246,Number of particles speed > 0.8 and diameter > 2.500,,
247,var247,Number of particles speed > 1.0 and diameter > 2.500,,
248,var248,Number of particles speed > 1.4 and diameter > 2.500,,
249,var249,Number of particles speed > 1.8 and diameter > 2.500,,
250,var250,Number of particles speed > 2.2 and diameter > 2.500,,
251,var251,Number of particles speed > 2.6 and diameter > 2.500,,
252,var252,Number of particles speed > 3.0 and diameter > 2.500,,
253,var253,Number of particles speed > 3.4 and diameter > 2.500,,
254,var254,Number of particles speed > 4.2 and diameter > 2.500,,
255,var255,Number of particles speed > 5.0 and diameter > 2.500,,
256,var256,Number of particles speed > 5.8 and diameter > 2.500,,
257,var257,Number of particles speed > 6.6 and diameter > 2.500,,
258,var258,Number of particles speed > 7.4 and diameter > 2.500,,
259,var259,Number of particles speed > 8.2 and diameter > 2.500,,
260,var260,Number of particles speed > 9.0 and diameter > 2.500,,
261,var261,Number of particles speed > 10.0 and diameter > 2.500,,
262,var262,Number of particles speed > 0 and diameter > 3.000,,
263,var263,Number of particles speed > 0.2 and diameter > 3.000,,
264,var264,Number of particles speed > 0.4 and diameter > 3.000,,
265,var265,Number of particles speed > 0.6 and diameter > 3.000,,
266,var266,Number of particles speed > 0.8 and diameter > 3.000,,
267,var267,Number of particles speed > 1.0 and diameter > 3.000,,
268,var268,Number of particles speed > 1.4 and diameter > 3.000,,
269,var269,Number of particles speed > 1.8 and diameter > 3.000,,
270,var270,Number of particles speed > 2.2 and diameter > 3.000,,
271,var271,Number of particles speed > 2.6 and diameter > 3.000,,
272,var272,Number of particles speed > 3.0 and diameter > 3.000,,
273,var273,Number of particles speed > 3.4 and diameter > 3.000,,
274,var274,Number of particles speed > 4.2 and diameter > 3.000,,
275,var275,Number of particles speed > 5.0 and diameter > 3.000,,
276,var276,Number of particles speed > 5.8 and diameter > 3.000,,
277,var277,Number of particles speed > 6.6 and diameter > 3.000,,
278,var278,Number of particles speed > 7.4 and diameter > 3.000,,
279,var279,Number of particles speed > 8.2 and diameter > 3.000,,
280,var280,Number of particles speed > 9.0 and diameter > 3.000,,
281,var281,Number of particles speed > 10.0 and diameter > 3.000,,
282,var282,Number of particles speed > 0 and diameter > 3.500,,
283,var283,Number of particles speed > 0.2 and diameter > 3.500,,
284,var284,Number of particles speed > 0.4 and diameter > 3.500,,
285,var285,Number of particles speed > 0.6 and diameter > 3.500,,
286,var286,Number of particles speed > 0.8 and diameter > 3.500,,
287,var287,Number of particles speed > 1.0 and diameter > 3.500,,
288,var288,Number of particles speed > 1.4 and diameter > 3.500,,
289,var289,Number of particles speed > 1.8 and diameter > 3.500,,
290,var290,Number of particles speed > 2.2 and diameter > 3.500,,
291,var291,Number of particles speed > 2.6 and diameter > 3.500,,
292,var292,Number of particles speed > 3.0 and diameter > 3.500,,
293,var293,Number of particles speed > 3.4 and diameter > 3.500,,
294,var294,Number of particles speed > 4.2 and diameter > 3.500,,
295,var295,Number of particles speed > 5.0 and diameter > 3.500,,
296,var296,Number of particles speed > 5.8 and diameter > 3.500,,
297,var297,Number of particles speed > 6.6 and diameter > 3.500,,
298,var298,Number of particles speed > 7.4 and diameter > 3.500,,
299,var299,Number of particles speed > 8.2 and diameter > 3.500,,
300,var300,Number of particles speed > 9.0 and diameter > 3.500,,
301,var301,Number of particles speed > 10.0 and diameter > 3.500,,
302,var302,Number of particles speed > 0 and diameter > 4.000,,
303,var303,Number of particles speed > 0.2 and diameter > 4.000,,
304,var304,Number of particles speed > 0.4 and diameter > 4.000,,
305,var305,Number of particles speed > 0.6 and diameter > 4.000,,
306,var306,Number of particles speed > 0.8 and diameter > 4.000,,
307,var307,Number of particles speed > 1.0 and diameter > 4.000,,
308,var308,Number of particles speed > 1.4 and diameter > 4.000,,
309,var309,Number of particles speed > 1.8 and diameter > 4.000,,
310,var310,Number of particles speed > 2.2 and diameter > 4.000,,
311,var311,Number of particles speed > 2.6 and diameter > 4.000,,
312,var312,Number of particles speed > 3.0 and diameter > 4.000,,
313,var313,Number of particles speed > 3.4 and diameter > 4.000,,
314,var314,Number of particles speed > 4.2 and diameter > 4.000,,
315,var315,Number of particles speed > 5.0 and diameter > 4.000,,
316,var316,Number of particles speed > 5.8 and diameter > 4.000,,
317,var317,Number of particles speed > 6.6 and diameter > 4.000,,
318,var318,Number of particles speed > 7.4 and diameter > 4.000,,
319,var319,Number of particles speed > 8.2 and diameter > 4.000,,
320,var320,Number of particles speed > 9.0 and diameter > 4.000,,
321,var321,Number of particles speed > 10.0 and diameter > 4.000,,
322,var322,Number of particles speed > 0 and diameter > 4.500,,
323,var323,Number of particles speed > 0.2 and diameter > 4.500,,
324,var324,Number of particles speed > 0.4 and diameter > 4.500,,
325,var325,Number of particles speed > 0.6 and diameter > 4.500,,
326,var326,Number of particles speed > 0.8 and diameter > 4.500,,
327,var327,Number of particles speed > 1.0 and diameter > 4.500,,
328,var328,Number of particles speed > 1.4 and diameter > 4.500,,
329,var329,Number of particles speed > 1.8 and diameter > 4.500,,
330,var330,Number of particles speed > 2.2 and diameter > 4.500,,
331,var331,Number of particles speed > 2.6 and diameter > 4.500,,
332,var332,Number of particles speed > 3.0 and diameter > 4.500,,
333,var333,Number of particles speed > 3.4 and diameter > 4.500,,
334,var334,Number of particles speed > 4.2 and diameter > 4.500,,
335,var335,Number of particles speed > 5.0 and diameter > 4.500,,
336,var336,Number of particles speed > 5.8 and diameter > 4.500,,
337,var337,Number of particles speed > 6.6 and diameter > 4.500,,
338,var338,Number of particles speed > 7.4 and diameter > 4.500,,
339,var339,Number of particles speed > 8.2 and diameter > 4.500,,
340,var340,Number of particles speed > 9.0 and diameter > 4.500,,
341,var341,Number of particles speed > 10.0 and diameter > 4.500,,
342,var342,Number of particles speed > 0 and diameter > 5.000,,
343,var343,Number of particles speed > 0.2 and diameter > 5.000,,
344,var344,Number of particles speed > 0.4 and diameter > 5.000,,
345,var345,Number of particles speed > 0.6 and diameter > 5.000,,
346,var346,Number of particles speed > 0.8 and diameter > 5.000,,
347,var347,Number of particles speed > 1.0 and diameter > 5.000,,
348,var348,Number of particles speed > 1.4 and diameter > 5.000,,
349,var349,Number of particles speed > 1.8 and diameter > 5.000,,
350,var350,Number of particles speed > 2.2 and diameter > 5.000,,
351,var351,Number of particles speed > 2.6 and diameter > 5.000,,
352,var352,Number of particles speed > 3.0 and diameter > 5.000,,
353,var353,Number of particles speed > 3.4 and diameter > 5.000,,
354,var354,Number of particles speed > 4.2 and diameter > 5.000,,
355,var355,Number of particles speed > 5.0 and diameter > 5.000,,
356,var356,Number of particles speed > 5.8 and diameter > 5.000,,
357,var357,Number of particles speed > 6.6 and diameter > 5.000,,
358,var358,Number of particles speed > 7.4 and diameter > 5.000,,
359,var359,Number of particles speed > 8.2 and diameter > 5.000,,
360,var360,Number of particles speed > 9.0 and diameter > 5.000,,
361,var361,Number of particles speed > 10.0 and diameter > 5.000,,
362,var362,Number of particles speed > 0 and diameter > 5.500,,
363,var363,Number of particles speed > 0.2 and diameter > 5.500,,
364,var364,Number of particles speed > 0.4 and diameter > 5.500,,
365,var365,Number of particles speed > 0.6 and diameter > 5.500,,
366,var366,Number of particles speed > 0.8 and diameter > 5.500,,
367,var367,Number of particles speed > 1.0 and diameter > 5.500,,
368,var368,Number of particles speed > 1.4 and diameter > 5.500,,
369,var369,Number of particles speed > 1.8 and diameter > 5.500,,
370,var370,Number of particles speed > 2.2 and diameter > 5.500,,
371,var371,Number of particles speed > 2.6 and diameter > 5.500,,
372,var372,Number of particles speed > 3.0 and diameter > 5.500,,
373,var373,Number of particles speed > 3.4 and diameter > 5.500,,
374,var374,Number of particles speed > 4.2 and diameter > 5.500,,
375,var375,Number of particles speed > 5.0 and diameter > 5.500,,
376,var376,Number of particles speed > 5.8 and diameter > 5.500,,
377,var377,Number of particles speed > 6.6 and diameter > 5.500,,
378,var378,Number of particles speed > 7.4 and diameter > 5.500,,
379,var379,Number of particles speed > 8.2 and diameter > 5.500,,
380,var380,Number of particles speed > 9.0 and diameter > 5.500,,
381,var381,Number of particles speed > 10.0 and diameter > 5.500,,
382,var382,Number of particles speed > 0 and diameter > 6.000,,
383,var383,Number of particles speed > 0.2 and diameter > 6.000,,
384,var384,Number of particles speed > 0.4 and diameter > 6.000,,
385,var385,Number of particles speed > 0.6 and diameter > 6.000,,
386,var386,Number of particles speed > 0.8 and diameter > 6.000,,
387,var387,Number of particles speed > 1.0 and diameter > 6.000,,
388,var388,Number of particles speed > 1.4 and diameter > 6.000,,
389,var389,Number of particles speed > 1.8 and diameter > 6.000,,
390,var390,Number of particles speed > 2.2 and diameter > 6.000,,
391,var391,Number of particles speed > 2.6 and diameter > 6.000,,
392,var392,Number of particles speed > 3.0 and diameter > 6.000,,
393,var393,Number of particles speed > 3.4 and diameter > 6.000,,
394,var394,Number of particles speed > 4.2 and diameter > 6.000,,
395,var395,Number of particles speed > 5.0 and diameter > 6.000,,
396,var396,Number of particles speed > 5.8 and diameter > 6.000,,
397,var397,Number of particles speed > 6.6 and diameter > 6.000,,
398,var398,Number of particles speed > 7.4 and diameter > 6.000,,
399,var399,Number of particles speed > 8.2 and diameter > 6.000,,
400,var400,Number of particles speed > 9.0 and diameter > 6.000,,
401,var401,Number of particles speed > 10.0 and diameter > 6.000,,
402,var402,Number of particles speed > 0 and diameter > 6.500,,
403,var403,Number of particles speed > 0.2 and diameter > 6.500,,
404,var404,Number of particles speed > 0.4 and diameter > 6.500,,
405,var405,Number of particles speed > 0.6 and diameter > 6.500,,
406,var406,Number of particles speed > 0.8 and diameter > 6.500,,
407,var407,Number of particles speed > 1.0 and diameter > 6.500,,
408,var408,Number of particles speed > 1.4 and diameter > 6.500,,
409,var409,Number of particles speed > 1.8 and diameter > 6.500,,
410,var410,Number of particles speed > 2.2 and diameter > 6.500,,
411,var411,Number of particles speed > 2.6 and diameter > 6.500,,
412,var412,Number of particles speed > 3.0 and diameter > 6.500,,
413,var413,Number of particles speed > 3.4 and diameter > 6.500,,
414,var414,Number of particles speed > 4.2 and diameter > 6.500,,
415,var415,Number of particles speed > 5.0 and diameter > 6.500,,
416,var416,Number of particles speed > 5.8 and diameter > 6.500,,
417,var417,Number of particles speed > 6.6 and diameter > 6.500,,
418,var418,Number of particles speed > 7.4 and diameter > 6.500,,
419,var419,Number of particles speed > 8.2 and diameter > 6.500,,
420,var420,Number of particles speed > 9.0 and diameter > 6.500,,
421,var421,Number of particles speed > 10.0 and diameter > 6.500,,
422,var422,Number of particles speed > 0 and diameter > 7.000,,
423,var423,Number of particles speed > 0.2 and diameter > 7.000,,
424,var424,Number of particles speed > 0.4 and diameter > 7.000,,
425,var425,Number of particles speed > 0.6 and diameter > 7.000,,
426,var426,Number of particles speed > 0.8 and diameter > 7.000,,
427,var427,Number of particles speed > 1.0 and diameter > 7.000,,
428,var428,Number of particles speed > 1.4 and diameter > 7.000,,
429,var429,Number of particles speed > 1.8 and diameter > 7.000,,
430,var430,Number of particles speed > 2.2 and diameter > 7.000,,
431,var431,Number of particles speed > 2.6 and diameter > 7.000,,
432,var432,Number of particles speed > 3.0 and diameter > 7.000,,
433,var433,Number of particles speed > 3.4 and diameter > 7.000,,
434,var434,Number of particles speed > 4.2 and diameter > 7.000,,
435,var435,Number of particles speed > 5.0 and diameter > 7.000,,
436,var436,Number of particles speed > 5.8 and diameter > 7.000,,
437,var437,Number of particles speed > 6.6 and diameter > 7.000,,
438,var438,Number of particles speed > 7.4 and diameter > 7.000,,
439,var439,Number of particles speed > 8.2 and diameter > 7.000,,
440,var440,Number of particles speed > 9.0 and diameter > 7.000,,
441,var441,Number of particles speed > 10.0 and diameter > 7.000,,
442,var442,Number of particles speed > 0 and diameter > 7.500,,
443,var443,Number of particles speed > 0.2 and diameter > 7.500,,
444,var444,Number of particles speed > 0.4 and diameter > 7.500,,
445,var445,Number of particles speed > 0.6 and diameter > 7.500,,
446,var446,Number of particles speed > 0.8 and diameter > 7.500,,
447,var447,Number of particles speed > 1.0 and diameter > 7.500,,
448,var448,Number of particles speed > 1.4 and diameter > 7.500,,
449,var449,Number of particles speed > 1.8 and diameter > 7.500,,
450,var450,Number of particles speed > 2.2 and diameter > 7.500,,
451,var451,Number of particles speed > 2.6 and diameter > 7.500,,
452,var452,Number of particles speed > 3.0 and diameter > 7.500,,
453,var453,Number of particles speed > 3.4 and diameter > 7.500,,
454,var454,Number of particles speed > 4.2 and diameter > 7.500,,
455,var455,Number of particles speed > 5.0 and diameter > 7.500,,
456,var456,Number of particles speed > 5.8 and diameter > 7.500,,
457,var457,Number of particles speed > 6.6 and diameter > 7.500,,
458,var458,Number of particles speed > 7.4 and diameter > 7.500,,
459,var459,Number of particles speed > 8.2 and diameter > 7.500,,
460,var460,Number of particles speed > 9.0 and diameter > 7.500,,
461,var461,Number of particles speed > 10.0 and diameter > 7.500,,
462,var462,Number of particles speed > 0 and diameter > 8.000,,
463,var463,Number of particles speed > 0.2 and diameter > 8.000,,
464,var464,Number of particles speed > 0.4 and diameter > 8.000,,
465,var465,Number of particles speed > 0.6 and diameter > 8.000,,
466,var466,Number of particles speed > 0.8 and diameter > 8.000,,
467,var467,Number of particles speed > 1.0 and diameter > 8.000,,
468,var468,Number of particles speed > 1.4 and diameter > 8.000,,
469,var469,Number of particles speed > 1.8 and diameter > 8.000,,
470,var470,Number of particles speed > 2.2 and diameter > 8.000,,
471,var471,Number of particles speed > 2.6 and diameter > 8.000,,
472,var472,Number of particles speed > 3.0 and diameter > 8.000,,
473,var473,Number of particles speed > 3.4 and diameter > 8.000,,
474,var474,Number of particles speed > 4.2 and diameter > 8.000,,
475,var475,Number of particles speed > 5.0 and diameter > 8.000,,
476,var476,Number of particles speed > 5.8 and diameter > 8.000,,
477,var477,Number of particles speed > 6.6 and diameter > 8.000,,
478,var478,Number of particles speed > 7.4 and diameter > 8.000,,
479,var479,Number of particles speed > 8.2 and diameter > 8.000,,
480,var480,Number of particles speed > 9.0 and diameter > 8.000,,
481,var481,Number of particles speed > 10.0 and diameter > 8.000,,
