x,y,n,pearson_r,r_squared,linear_slope_y_per_x_unit
CHI,P10,65,,,-2.0825925390857072e-23
CHI,P25,65,-0.0036042356306395253,1.2990514481171496e-05,-6.15495233516162e-11
CHI,P50,65,-0.27919932827351124,0.07795226490837989,-5.395537465032714e-09
CHI,P75,65,0.01068072548095814,0.00011407789679958849,2.438222347683243e-10
CHI,P90,65,-0.19431202996899452,0.03775716499067142,-9.784034304535454e-09
OMEGA,P10,65,,,3.861399855174984e-16
OMEGA,P25,65,0.12151060920481432,0.014764828149325107,0.2561987435632179
OMEGA,P50,65,-0.12414678657326741,0.01541242461646841,-0.29621503967439766
OMEGA,P75,65,0.21162067813472693,0.04478331141420169,0.5964608394009902
OMEGA,P90,65,-0.047387888863822725,0.0022456120109700137,-0.2946028325044869
OMEGA,CHI,937,0.7422874713638623,0.5509906901437567,111777763.51625143
