diameter_center,cuentas,prob
0.1875,46285536.0,0.27662372901728577
0.3125,39172261.0,0.2341115140561058
0.4375,23355693.0,0.13958440259702118
0.625,30598644.0,0.18287162119398157
0.875,11952711.0,0.07143491843080159
1.125,7281220.0,0.043515931806325875
1.375,3781320.0,0.02259891381635168
1.625,2072189.0,0.012384358007836408
1.875,1161553.0,0.0069419769128570815
2.25,1048447.0,0.006266003245959735
2.75,358221.0,0.0021408940545119995
3.25,135286.0,0.0008085315854143403
3.75,58328.0,0.0003485950528069988
4.25,27292.0,0.0001631095902689722
4.75,14214.0,8.494942532915033e-05
5.25,7903.0,4.7231976106393354e-05
5.75,4531.0,2.7079347556379638e-05
6.25,1337.0,7.990529173003659e-06
6.75,1570.0,9.383044728209233e-06
7.25,1658.0,9.908973349917775e-06
7.75,1062.0,6.347002230164462e-06
8.5,2110.0,1.2610333997784382e-05
