speed_center,cuentas,prob
0.1,200433.0,0.0011978801299421407
0.30000000000000004,945788.0,0.005652465673505448
0.5,2421596.0,0.01447257552971501
0.7,5540985.0,0.033115484135883076
0.9,8925642.0,0.05334375676049867
1.2,22187428.0,0.1326023116738356
1.5999999999999999,22501835.0,0.13448135303935285
2.0,20625431.0,0.12326709656789381
2.4000000000000004,17632269.0,0.10537857878141214
2.8000000000000003,14110572.0,0.0843312918577177
3.4,10624022.0,0.06349405963024134
3.8,15992875.0,0.09558080347621607
4.6000000000000005,11716024.0,0.07002036766163876
5.4,6969889.0,0.041655274036721986
6.2,3523671.0,0.02105908445891322
7.0,1697298.0,0.010143836338280301
7.800000000000001,839578.0,0.005017705685872898
8.6,434302.0,0.0025955892302870864
9.5,240237.0,0.0014357672078794913
15.0,193211.0,0.0011547181241923783
