periodo,p10,p25,p50,p75,p90,gotas
2019-12-01,0.1875,0.3125,0.4375,0.625,0.875,2324151.0
2020-01-01,0.1875,0.3125,0.4375,0.625,1.125,603230.0
2020-02-01,0.1875,0.1875,0.3125,0.625,0.875,737134.0
2020-03-01,0.1875,0.3125,0.3125,0.625,0.875,1712332.0
2020-04-01,0.1875,0.3125,0.4375,0.625,0.875,1314861.0
2020-05-01,0.1875,0.3125,0.4375,0.625,1.125,1229868.0
2020-06-01,0.1875,0.3125,0.4375,0.625,0.875,2260461.0
2020-07-01,0.1875,0.1875,0.4375,0.625,1.125,3984781.0
2020-08-01,0.1875,0.3125,0.4375,0.625,1.125,1845952.0
2020-09-01,0.1875,0.1875,0.3125,0.3125,0.625,7029392.0
2020-10-01,0.1875,0.1875,0.1875,0.3125,0.625,8150208.0
2020-11-01,0.1875,0.1875,0.3125,0.4375,0.625,7040462.0
2020-12-01,0.1875,0.1875,0.3125,0.3125,0.625,3851515.0
2021-01-01,0.1875,0.1875,0.3125,0.4375,0.875,1835357.0
2021-02-01,0.1875,0.3125,0.3125,0.625,0.875,2486348.0
2021-03-01,0.1875,0.1875,0.3125,0.625,0.875,6300880.0
2021-04-01,0.1875,0.1875,0.3125,0.625,1.125,2706727.0
2021-05-01,0.1875,0.1875,0.3125,0.625,1.125,5065873.0
2021-06-01,0.1875,0.3125,0.4375,0.625,1.125,690024.0
2021-07-01,0.1875,0.1875,0.4375,0.625,1.125,1816730.0
2021-08-01,0.1875,0.3125,0.4375,0.625,1.125,2954689.0
2021-09-01,0.1875,0.3125,0.4375,0.625,1.125,2446042.0
2021-10-01,0.1875,0.3125,0.4375,0.625,1.125,2619561.0
2021-11-01,0.1875,0.3125,0.4375,0.625,0.875,3184518.0
2021-12-01,0.1875,0.3125,0.4375,0.625,1.125,1478096.0
2022-01-01,0.1875,0.3125,0.3125,0.625,0.875,2109230.0
2022-02-01,0.1875,0.3125,0.4375,0.625,0.875,2298327.0
2022-03-01,0.1875,0.3125,0.4375,0.625,1.125,3503024.0
2022-04-01,0.1875,0.3125,0.4375,0.625,1.125,3270951.0
2022-05-01,0.1875,0.3125,0.4375,0.625,1.125,2983986.0
2022-06-01,0.1875,0.3125,0.4375,0.625,1.125,3362921.0
2022-07-01,0.1875,0.3125,0.4375,0.625,1.125,2413860.0
2022-08-01,0.1875,0.3125,0.4375,0.625,1.125,2083123.0
2022-09-01,0.1875,0.3125,0.4375,0.625,1.125,2671941.0
2022-10-01,0.1875,0.3125,0.4375,0.625,0.875,5528535.0
2022-11-01,0.1875,0.3125,0.4375,0.625,0.875,4655919.0
2022-12-01,0.1875,0.3125,0.3125,0.625,0.625,1392654.0
2023-01-01,0.1875,0.3125,0.3125,0.625,0.875,2469373.0
2023-02-01,0.1875,0.3125,0.3125,0.625,0.875,1215245.0
2023-03-01,0.1875,0.3125,0.4375,0.625,0.875,4420885.0
2023-04-01,0.1875,0.1875,0.3125,0.625,0.875,1809707.0
2023-05-01,0.1875,0.1875,0.4375,0.625,1.125,2882965.0
2023-06-01,0.1875,0.3125,0.4375,0.625,1.125,1042673.0
2023-07-01,0.1875,0.3125,0.4375,0.625,1.125,1373719.0
2023-08-01,0.1875,0.3125,0.4375,0.625,1.125,1016126.0
2023-09-01,0.1875,0.3125,0.4375,0.625,1.125,726039.0
2023-10-01,0.1875,0.1875,0.3125,0.625,0.875,3612690.0
2023-11-01,0.1875,0.3125,0.4375,0.625,1.125,2064967.0
2023-12-01,0.1875,0.3125,0.4375,0.625,1.125,1010631.0
2024-01-01,0.1875,0.3125,0.4375,0.625,0.875,188078.0
2024-02-01,0.1875,0.1875,0.3125,0.625,0.875,1854251.0
2024-03-01,0.1875,0.3125,0.4375,0.625,1.125,773228.0
2024-04-01,0.1875,0.3125,0.4375,0.625,1.125,2424923.0
2024-05-01,0.1875,0.3125,0.4375,0.625,1.125,3416337.0
2024-06-01,0.1875,0.3125,0.4375,0.625,1.125,3670525.0
2024-07-01,0.1875,0.3125,0.4375,0.625,1.125,1242676.0
2024-08-01,0.1875,0.3125,0.4375,0.625,1.125,1676897.0
2024-09-01,0.1875,0.1875,0.4375,0.625,1.125,1580259.0
2024-10-01,0.1875,0.3125,0.4375,0.625,1.125,2015843.0
2024-11-01,0.1875,0.3125,0.4375,0.625,0.875,4163952.0
2024-12-01,0.1875,0.3125,0.4375,0.625,0.875,1578652.0
2025-01-01,0.1875,0.3125,0.4375,0.625,0.875,1032706.0
2025-02-01,0.1875,0.3125,0.4375,0.625,0.875,2528394.0
2025-03-01,0.1875,0.3125,0.4375,0.625,1.125,1188274.0
2025-04-01,0.1875,0.3125,0.4375,0.625,1.125,2399408.0
