Codigo,Nombre,latitude,longitude
642,Palmitas Potrera - Disdrometro,6.356700,-75.699780
77,Torre SIATA - Disdrometro,6.259195,-75.588697
78,Parque 3 Aguas - Disdrometro,6.096280,-75.635360
79,Subestacion Santa Rosa de Osos - Disdrometro,6.638889,-75.457861
80,Vivero EPM Piedras Blancas - Disdrometro,6.283280,-75.493970
139,Santa Rita Guatape - Disdrometro,6.318264,-75.172090
159,Samana - Disdrometro,5.440647,-74.995181
191,El Santuario - Disdrometro,6.133756,-75.274410
231,Alcaldia La Estrella - Disdrometro,6.158166,-75.641711
228,Sonson - Disdrometro,5.715972,-75.309372
233,I.E Manuel Jose Caicedo - Disdrometro,6.434890,-75.326800
257,Puerto Triunfo - Disdrometro,5.868306,-74.641494
315,Casa Siata - Disdrometro,6.196027,-75.579709
351,Radar de Vientos - Disdrometro,6.229393,-75.589940
365,Escuela Rural Yarumalito - Disdrometro,6.233091,-75.694264
370,Metro La Estrella - Disdrometro,6.152313,-75.627487
416,Salada Parte Alta - Disdrometro,6.016870,-75.618240
417,Santa Elena Radar - Disdrometro,6.193500,-75.527600
425,Montanita San Antonio - Disdrometro,6.192568,-75.665898
435,Museo de Antioquia - Disdrometro,6.252774,-75.569658
476,Reserva El Centello - Disdrometro,5.504970,-75.849920